source_commit	source_path	target_path	sha256
ef14c2997ae7dfdb44155240ec64fea3140ba9e1	patches/Cargo.lock.patch	Patches/Cargo.lock.patch	3e38527faec6a5979fcff3777960a6c94321aa11c3b358f84f7747abbe2c9023
ef14c2997ae7dfdb44155240ec64fea3140ba9e1	patches/config/recurse.mk.patch	Patches/config/recurse.mk.patch	9695115e83ffbc3f617b567284ca1e7f72c94c4f878cdc98025966195cdb91a5
ef14c2997ae7dfdb44155240ec64fea3140ba9e1	patches/dom/canvas/WebGLExtensions.cpp.patch	Patches/dom/canvas/WebGLExtensions.cpp.patch	4f45001c8ce07fa8df8caf1b3ffeedbdf5797a419fda3837a9676bdafaf559e8
ef14c2997ae7dfdb44155240ec64fea3140ba9e1	patches/dom/events/ContentEventHandler.cpp.patch	Patches/dom/events/ContentEventHandler.cpp.patch	79b4b344bf3d168ad30901d13a554c4e3af94b2bc1852f40ef686769158d51d4
ef14c2997ae7dfdb44155240ec64fea3140ba9e1	patches/dom/events/EventListenerManager.cpp.patch	Patches/dom/events/EventListenerManager.cpp.patch	f90f9a43739f21f2cf7aaad8fd5a797ebc1cac98537948f49a775cb5dee48992
ef14c2997ae7dfdb44155240ec64fea3140ba9e1	patches/dom/geolocation/Geolocation.cpp.patch	Patches/dom/geolocation/Geolocation.cpp.patch	c99ce8818e08bca7bf301bf2638cffaf4c13ae4e5529f2d30c1c25c2b8701e2c
ef14c2997ae7dfdb44155240ec64fea3140ba9e1	patches/dom/geolocation/GeolocationSystemUIKit.mm.patch	Patches/dom/geolocation/GeolocationSystemUIKit.mm.patch	87148e71f5bbef4f26cd98cfbc2cd76da4a851c99ecc09a8e4356b3d9437be71
ef14c2997ae7dfdb44155240ec64fea3140ba9e1	patches/dom/geolocation/moz.build.patch	Patches/dom/geolocation/moz.build.patch	a18de8eb5c48050b0d569b6e8675a9eea743764aa4428d576e625e9ff691a2e9
ef14c2997ae7dfdb44155240ec64fea3140ba9e1	patches/dom/ipc/BrowserParent.cpp.patch	Patches/dom/ipc/BrowserParent.cpp.patch	7cfb99c1f05ba68211c948eafd62b16ee4b2215f00617bb6b5c3137eec937be8
ef14c2997ae7dfdb44155240ec64fea3140ba9e1	patches/dom/ipc/ContentChild.cpp.patch	Patches/dom/ipc/ContentChild.cpp.patch	71dd609d5682eb22188d5416c58ef51f9763704df52dbe044d9ca8446a7aa700
ef14c2997ae7dfdb44155240ec64fea3140ba9e1	patches/dom/ipc/ContentChild.h.patch	Patches/dom/ipc/ContentChild.h.patch	9b315f36e477f9d7348536a90cbb710282b3150275eaa449734d40822e8478d3
ef14c2997ae7dfdb44155240ec64fea3140ba9e1	patches/dom/ipc/ContentParent.cpp.patch	Patches/dom/ipc/ContentParent.cpp.patch	c7452c056b7dd1798d3fcce18a01dcec719eccf13236557d791314306e2731aa
ef14c2997ae7dfdb44155240ec64fea3140ba9e1	patches/dom/ipc/ContentParent.h.patch	Patches/dom/ipc/ContentParent.h.patch	1fdc57c35c0e4450f7d2448400eaaa932ff8c340e0dce8d1c8107985e37a9f73
ef14c2997ae7dfdb44155240ec64fea3140ba9e1	patches/dom/ipc/PContent.ipdl.patch	Patches/dom/ipc/PContent.ipdl.patch	7e07e811c274732b253bd6f6b67270edd51dfc112c4581432702e754e1a8658f
ef14c2997ae7dfdb44155240ec64fea3140ba9e1	patches/dom/ipc/ProcessHangMonitor.cpp.patch	Patches/dom/ipc/ProcessHangMonitor.cpp.patch	858c1977de0c861d64f90f61df35088b222cfad84da38ce636799cd123c4eb55
ef14c2997ae7dfdb44155240ec64fea3140ba9e1	patches/dom/ipc/ProcessPriorityManager.cpp.patch	Patches/dom/ipc/ProcessPriorityManager.cpp.patch	4f334663847f768e7922e52a6d2cf9560149e10b954de0af6afbcd452df5a928
ef14c2997ae7dfdb44155240ec64fea3140ba9e1	patches/dom/media/CubebUtils.cpp.patch	Patches/dom/media/CubebUtils.cpp.patch	b25a2834ce03380075c01db228c4d0729a981cb4733a56eeabb2e6113e068c27
ef14c2997ae7dfdb44155240ec64fea3140ba9e1	patches/dom/media/CubebUtils.h.patch	Patches/dom/media/CubebUtils.h.patch	2015eb504c648f28998951fba1c2c74b2f6f9a1a6e55b2ce29545d8e7879b24c
ef14c2997ae7dfdb44155240ec64fea3140ba9e1	patches/dom/media/DecoderTraits.cpp.patch	Patches/dom/media/DecoderTraits.cpp.patch	ec9328d731f9368b67adee89a27cfc8345a8eb62e4d407d7c38ce248f0d6d798
ef14c2997ae7dfdb44155240ec64fea3140ba9e1	patches/dom/media/GraphRunner.cpp.patch	Patches/dom/media/GraphRunner.cpp.patch	f51b60e0db14656d01e51336284f84768cc0367bbfd37b5f9fd966ca068551a6
ef14c2997ae7dfdb44155240ec64fea3140ba9e1	patches/dom/media/MediaManager.cpp.patch	Patches/dom/media/MediaManager.cpp.patch	a42bcc0d0785009411cf76717dbb885e61faf4cdc3ad543de04953f9f667083f
ef14c2997ae7dfdb44155240ec64fea3140ba9e1	patches/dom/media/MediaManager.h.patch	Patches/dom/media/MediaManager.h.patch	dd4c3f8de4b56f677f74fe9ab5a9c2e7c4e4ea4fba57820c62c7a33330ff7e59
ef14c2997ae7dfdb44155240ec64fea3140ba9e1	patches/dom/media/moz.build.patch	Patches/dom/media/moz.build.patch	b39cdc7205a36feae0a1b552f9b5fa5727727b3d3c2db985b21c966b2e45beeb
ef14c2997ae7dfdb44155240ec64fea3140ba9e1	patches/dom/media/platforms/apple/AppleDecoderModule.cpp.patch	Patches/dom/media/platforms/apple/AppleDecoderModule.cpp.patch	edf8f3c70f4a6acfa9d2c5770e65b46ed7f6f3e299a8bfbfbf7db80948e1586b
ef14c2997ae7dfdb44155240ec64fea3140ba9e1	patches/dom/media/platforms/apple/AppleVTDecoder.cpp.patch	Patches/dom/media/platforms/apple/AppleVTDecoder.cpp.patch	a6c2dcfb7136036b631792d275ee78363dfc2bc9a22d2bd743e426d0bcb89e06
ef14c2997ae7dfdb44155240ec64fea3140ba9e1	patches/dom/media/systemservices/CamerasChild.cpp.patch	Patches/dom/media/systemservices/CamerasChild.cpp.patch	8f188448cad6a697b00db479c54c57491bb8cd7cff62ac65102edabc8a548d60
ef14c2997ae7dfdb44155240ec64fea3140ba9e1	patches/dom/media/systemservices/CamerasChild.h.patch	Patches/dom/media/systemservices/CamerasChild.h.patch	62af32d536e29ad6d0d0215a97969a96161ba2566dddf54719b68cd40865399a
ef14c2997ae7dfdb44155240ec64fea3140ba9e1	patches/dom/media/systemservices/CamerasParent.cpp.patch	Patches/dom/media/systemservices/CamerasParent.cpp.patch	e034448cf31b39de89990e130f27aa668c99a3142a82c381f0aed521870c62e2
ef14c2997ae7dfdb44155240ec64fea3140ba9e1	patches/dom/media/systemservices/CamerasParent.h.patch	Patches/dom/media/systemservices/CamerasParent.h.patch	36e86884286ef68a2f079058f8442c5306800476da11eacbc644ae3bc46f8912
ef14c2997ae7dfdb44155240ec64fea3140ba9e1	patches/dom/media/systemservices/CamerasTypes.h.patch	Patches/dom/media/systemservices/CamerasTypes.h.patch	5dd7d473c082609aef2e730543734a282f6f646b45cb679a32de22877e1f3b94
ef14c2997ae7dfdb44155240ec64fea3140ba9e1	patches/dom/media/systemservices/PCameras.ipdl.patch	Patches/dom/media/systemservices/PCameras.ipdl.patch	4bfc2e1d6bff05128efe69d0fc88276555f97c44040bcdad2dba773d60d4c4e3
ef14c2997ae7dfdb44155240ec64fea3140ba9e1	patches/dom/media/systemservices/moz.build.patch	Patches/dom/media/systemservices/moz.build.patch	3a0ef8069b8b75546b756c2146de7791eaa5e77d3c4a99c888fc3e9ec1709d0a
ef14c2997ae7dfdb44155240ec64fea3140ba9e1	patches/dom/media/systemservices/objc_video_capture/capture_access.h.patch	Patches/dom/media/systemservices/objc_video_capture/capture_access.h.patch	c4dc92b0a1f9fa2933a84f106ab47ec53b0dc8071c21b25244e1e4039cbeabda
ef14c2997ae7dfdb44155240ec64fea3140ba9e1	patches/dom/media/systemservices/objc_video_capture/capture_access.mm.patch	Patches/dom/media/systemservices/objc_video_capture/capture_access.mm.patch	f4db944c4a155a2f24bf7262fa107cae07e759b5e997c4f817876873e1debb13
ef14c2997ae7dfdb44155240ec64fea3140ba9e1	patches/dom/media/systemservices/objc_video_capture/device_info.mm.patch	Patches/dom/media/systemservices/objc_video_capture/device_info.mm.patch	cdf341714369f9714080047a4aef2592ab91354a9f77b886a9ae55790b98674f
ef14c2997ae7dfdb44155240ec64fea3140ba9e1	patches/dom/media/systemservices/objc_video_capture/video_capture.mm.patch	Patches/dom/media/systemservices/objc_video_capture/video_capture.mm.patch	7ea5e68b68cc143b6d046034aa31f72a2fc72e1641f4ac1cafb89d29b150907e
ef14c2997ae7dfdb44155240ec64fea3140ba9e1	patches/dom/media/webaudio/AnalyserNode.cpp.patch	Patches/dom/media/webaudio/AnalyserNode.cpp.patch	d3c6bc3509232e8b0596f8da31772f3d6bb293ab56579e0bd2fa2ec0c7132772
ef14c2997ae7dfdb44155240ec64fea3140ba9e1	patches/dom/media/webrtc/MediaEngineRemoteVideoSource.cpp.patch	Patches/dom/media/webrtc/MediaEngineRemoteVideoSource.cpp.patch	28ba1907bd4ed6e328c8d055bafb9eb590a24f8312b6c3199aab94d2d50c7814
ef14c2997ae7dfdb44155240ec64fea3140ba9e1	patches/dom/media/webrtc/MediaEngineWebRTC.cpp.patch	Patches/dom/media/webrtc/MediaEngineWebRTC.cpp.patch	385ff04f1b7011584c57459e2b178fe6b80f6ee04c5625da203ca9829448a2f5
ef14c2997ae7dfdb44155240ec64fea3140ba9e1	patches/dom/media/webrtc/jsapi/PeerConnectionImpl.cpp.patch	Patches/dom/media/webrtc/jsapi/PeerConnectionImpl.cpp.patch	f4681db008f70a95e9598eb700e795a953e9702197b8416a8b4b994fc06979ae
ef14c2997ae7dfdb44155240ec64fea3140ba9e1	patches/dom/media/webrtc/third_party_build/webrtc.mozbuild.patch	Patches/dom/media/webrtc/third_party_build/webrtc.mozbuild.patch	79c250daf6176510b7920e96c0315c9dd58d1295b3045356d69749dc9c8174fb
ef14c2997ae7dfdb44155240ec64fea3140ba9e1	patches/dom/media/webrtc/transport/third_party/nICEr/src/stun/addrs-bsd.cpp.patch	Patches/dom/media/webrtc/transport/third_party/nICEr/src/stun/addrs-bsd.cpp.patch	ea7257a662e32a5b3792660578a6d7a0f64120f529c6705bc47609c7140740fe
ef14c2997ae7dfdb44155240ec64fea3140ba9e1	patches/dom/media/webrtc/transport/third_party/nICEr/src/stun/stun.h.patch	Patches/dom/media/webrtc/transport/third_party/nICEr/src/stun/stun.h.patch	26282daa96a7c3d6c5e762d80cc3100440faf8c1e8f0cba88d7c340c7e3d5385
ef14c2997ae7dfdb44155240ec64fea3140ba9e1	patches/dom/system/mac/CoreLocationLocationProvider.mm.patch	Patches/dom/system/mac/CoreLocationLocationProvider.mm.patch	d040bcd553dd6289c1376b1b96dcc63ec6aa25cc8c902bc5a1898769a4e0dbc4
ef14c2997ae7dfdb44155240ec64fea3140ba9e1	patches/dom/system/moz.build.patch	Patches/dom/system/moz.build.patch	8310ae81f1786bd5c2eeb2e68d458ae8d8efe22ea302d3b17d720d5bac57d672
ef14c2997ae7dfdb44155240ec64fea3140ba9e1	patches/dom/system/nsDeviceSensors.cpp.patch	Patches/dom/system/nsDeviceSensors.cpp.patch	fc2a936cade345882ca8d4646e03cf4a14f282142a3b6cd2f574e507774b27e7
ef14c2997ae7dfdb44155240ec64fea3140ba9e1	patches/dom/system/nsDeviceSensors.h.patch	Patches/dom/system/nsDeviceSensors.h.patch	e164e0dae031375632a5b442e2c43604d1ef11a91b92fd6bc087981e7ce37453
ef14c2997ae7dfdb44155240ec64fea3140ba9e1	patches/dom/system/uikit/moz.build.patch	Patches/dom/system/uikit/moz.build.patch	8631636b93c75d2ef4a04198037d897ebbbaca9b35f2e5087788c979443f1c2e
ef14c2997ae7dfdb44155240ec64fea3140ba9e1	patches/dom/system/uikit/nsOSPermissionRequest.h.patch	Patches/dom/system/uikit/nsOSPermissionRequest.h.patch	35b2b66809d1d9abe33b1623c77753ee9daf5582a7b80d2e391fbcd9ff2f16b4
ef14c2997ae7dfdb44155240ec64fea3140ba9e1	patches/dom/system/uikit/nsOSPermissionRequest.mm.patch	Patches/dom/system/uikit/nsOSPermissionRequest.mm.patch	64854ca96ae7a18679d78747cf602a380c5cd9160b875f96d995173a6c668ea4
ef14c2997ae7dfdb44155240ec64fea3140ba9e1	patches/dom/webgpu/ExternalTexture.cpp.patch	Patches/dom/webgpu/ExternalTexture.cpp.patch	4c2dc9f5a58ef05b93caf9322b0f7a2463ac1463cd1565cd1e4ef639b8da823c
ef14c2997ae7dfdb44155240ec64fea3140ba9e1	patches/dom/webgpu/SharedTextureMacIOSurface.cpp.patch	Patches/dom/webgpu/SharedTextureMacIOSurface.cpp.patch	e92fa799e9b408f2edd75dedc7781a4b85efb2d3ea208832eeb380ef3e24344a
ef14c2997ae7dfdb44155240ec64fea3140ba9e1	patches/extensions/permissions/PermissionDelegateHandler.cpp.patch	Patches/extensions/permissions/PermissionDelegateHandler.cpp.patch	35e59303e8711e7219d9ab91a245a51eeff253f05736eeabbab7e22c6b7d3ada
ef14c2997ae7dfdb44155240ec64fea3140ba9e1	patches/extensions/permissions/PermissionDelegateHandler.h.patch	Patches/extensions/permissions/PermissionDelegateHandler.h.patch	dcd68e2c0f3ab345267a53a1c24a45c46dd7d4902a06e0a647c62083b6316629
ef14c2997ae7dfdb44155240ec64fea3140ba9e1	patches/gfx/2d/2D.h.patch	Patches/gfx/2d/2D.h.patch	1aa59da65c6b06b47f65e496f883595c477cc24eb47da1fabf2712b83bfdd8e4
ef14c2997ae7dfdb44155240ec64fea3140ba9e1	patches/gfx/2d/Factory.cpp.patch	Patches/gfx/2d/Factory.cpp.patch	d1871473301f159caca3e55b8e3428f12bed5b3d836cf51975657b3f80c48236
ef14c2997ae7dfdb44155240ec64fea3140ba9e1	patches/gfx/2d/MacIOSurface.cpp.patch	Patches/gfx/2d/MacIOSurface.cpp.patch	7227ef3f5eeddfa7b3b074738cc3c56f83c463385e748f02daefef70c049e078
ef14c2997ae7dfdb44155240ec64fea3140ba9e1	patches/gfx/2d/MacIOSurfaceIOS.mm.patch	Patches/gfx/2d/MacIOSurfaceIOS.mm.patch	2a4304633cfd1048b0cb6ae1f4bb20450312a51aecaca9c24f4fcc5f08a6622d
ef14c2997ae7dfdb44155240ec64fea3140ba9e1	patches/gfx/2d/RecordedEventImpl.h.patch	Patches/gfx/2d/RecordedEventImpl.h.patch	f8ad7668a27f8ebcf7bbed9fae5dcaaef88846eb4cae3b817461c8c7b4766c1b
ef14c2997ae7dfdb44155240ec64fea3140ba9e1	patches/gfx/2d/ScaledFontMac.cpp.patch	Patches/gfx/2d/ScaledFontMac.cpp.patch	b247928c5b71419f8d4f80878612bf9d40e5fe99af6611d8d545eb0febc33149
ef14c2997ae7dfdb44155240ec64fea3140ba9e1	patches/gfx/2d/UnscaledFontMac.h.patch	Patches/gfx/2d/UnscaledFontMac.h.patch	0b23a3ffb8eb75c62d5151c2f4c02891105a67c6bef35831b76db3f4d6f25c2f
ef14c2997ae7dfdb44155240ec64fea3140ba9e1	patches/gfx/2d/moz.build.patch	Patches/gfx/2d/moz.build.patch	9d9c386c8f26cb0ece119ab47e8d57c89359962bdb89d64ee696273461dc17b5
ef14c2997ae7dfdb44155240ec64fea3140ba9e1	patches/gfx/gl/SharedSurfaceIO.cpp.patch	Patches/gfx/gl/SharedSurfaceIO.cpp.patch	4074e5f87adfbaec1b8e8165f87423d46254ffc3bc5a5aeeecf0243f6b794992
ef14c2997ae7dfdb44155240ec64fea3140ba9e1	patches/gfx/ipc/GPUProcessManager.cpp.patch	Patches/gfx/ipc/GPUProcessManager.cpp.patch	34ebe377d2580ed335d5256ea4afb350363cea463ad2e0b3409dfc48e5bdbeaf
ef14c2997ae7dfdb44155240ec64fea3140ba9e1	patches/gfx/ipc/GPUProcessManager.h.patch	Patches/gfx/ipc/GPUProcessManager.h.patch	a24d6d43af733d2c684a82c4582d3f40d90c4829ec06f0df06c921a815c0d371
ef14c2997ae7dfdb44155240ec64fea3140ba9e1	patches/gfx/layers/NativeLayerCA.h.patch	Patches/gfx/layers/NativeLayerCA.h.patch	c3b1fed2e93e45933f078e2a0304a92356c6573570c0abc4f19c17bda90ba278
ef14c2997ae7dfdb44155240ec64fea3140ba9e1	patches/gfx/layers/NativeLayerCA.mm.patch	Patches/gfx/layers/NativeLayerCA.mm.patch	2c074bfb741137b50010502363ff5843b92226c420038288ce7cc1cced7a0988
ef14c2997ae7dfdb44155240ec64fea3140ba9e1	patches/gfx/layers/NativeLayerCAPictureInPicture.h.patch	Patches/gfx/layers/NativeLayerCAPictureInPicture.h.patch	9c47ff5df4acaf5b32b06929ab1035acb40a2779c44e122f5203ab2ed94b999b
ef14c2997ae7dfdb44155240ec64fea3140ba9e1	patches/gfx/layers/NativeLayerCAPictureInPicture.mm.patch	Patches/gfx/layers/NativeLayerCAPictureInPicture.mm.patch	6135ab249bae17fdfc42f46a204deb386c137882fe50913de5a10f92ddcd7a2e
ef14c2997ae7dfdb44155240ec64fea3140ba9e1	patches/gfx/layers/NativeLayerRootRemoteMacParent.h.patch	Patches/gfx/layers/NativeLayerRootRemoteMacParent.h.patch	58e3f8c69a9ce7fc2d46f671515c68a5259964deac6c73570a517282223e198d
ef14c2997ae7dfdb44155240ec64fea3140ba9e1	patches/gfx/layers/NativeLayerRootRemoteMacParent.mm.patch	Patches/gfx/layers/NativeLayerRootRemoteMacParent.mm.patch	7d3d4d1a7363c5dc1b182ffc9ccd0adb1c6d2ae08c3deea85f36c34d9554c420
ef14c2997ae7dfdb44155240ec64fea3140ba9e1	patches/gfx/layers/apz/util/APZCCallbackHelper.cpp.patch	Patches/gfx/layers/apz/util/APZCCallbackHelper.cpp.patch	80976eb233c3925e6b4a2387fab99d544b0345995d16a4d0f0c7874241f1c0f1
ef14c2997ae7dfdb44155240ec64fea3140ba9e1	patches/gfx/layers/ipc/CompositorBridgeChild.cpp.patch	Patches/gfx/layers/ipc/CompositorBridgeChild.cpp.patch	609501416bffc711442cc98307a3b76123de408487608f8a0bf72f2408c366fa
ef14c2997ae7dfdb44155240ec64fea3140ba9e1	patches/gfx/layers/ipc/CompositorBridgeChild.h.patch	Patches/gfx/layers/ipc/CompositorBridgeChild.h.patch	9ecf1823f93f97e8c92df8e84b4280fd3fd24e8d1eab810aaf8d537f232c04af
ef14c2997ae7dfdb44155240ec64fea3140ba9e1	patches/gfx/layers/ipc/CompositorBridgeParent.cpp.patch	Patches/gfx/layers/ipc/CompositorBridgeParent.cpp.patch	785297bef3c3d5ce769cfe172a52cbf825aaf081093b2ac576388cf40d9e0629
ef14c2997ae7dfdb44155240ec64fea3140ba9e1	patches/gfx/layers/ipc/CompositorBridgeParent.h.patch	Patches/gfx/layers/ipc/CompositorBridgeParent.h.patch	d5bb79cbcc0a11ee92bf329411c4f4aa974a67a960073692f1760a4815e0ed84
ef14c2997ae7dfdb44155240ec64fea3140ba9e1	patches/gfx/layers/ipc/CompositorManagerChild.cpp.patch	Patches/gfx/layers/ipc/CompositorManagerChild.cpp.patch	fb0e096f3810befa7694bcbb290789cc4af9e1b32e1bd1978295c2fe96ddf9e4
ef14c2997ae7dfdb44155240ec64fea3140ba9e1	patches/gfx/layers/ipc/IOSurfacePort.cpp.patch	Patches/gfx/layers/ipc/IOSurfacePort.cpp.patch	03d4ff604f0c6bf645a2a5eb3067078924bb608ddb93d9dae716e2bca7cee439
ef14c2997ae7dfdb44155240ec64fea3140ba9e1	patches/gfx/layers/ipc/IOSurfacePort.h.patch	Patches/gfx/layers/ipc/IOSurfacePort.h.patch	60b8a46160f90f9ebb903cd10dbb13e9ea93bc45764caadde344dc240bb8f078
ef14c2997ae7dfdb44155240ec64fea3140ba9e1	patches/gfx/layers/ipc/LayersSurfaces.ipdlh.patch	Patches/gfx/layers/ipc/LayersSurfaces.ipdlh.patch	47fa8a2f22bc1cf8fddec26651e43a240e3ac6e1c19ca92ffe98b6c12b464972
ef14c2997ae7dfdb44155240ec64fea3140ba9e1	patches/gfx/layers/ipc/WebRenderMessages.ipdlh.patch	Patches/gfx/layers/ipc/WebRenderMessages.ipdlh.patch	b58fa49662f733124ab7bf36a77a241f06312f1cf69c2feb1649e443cbdb776c
ef14c2997ae7dfdb44155240ec64fea3140ba9e1	patches/gfx/layers/moz.build.patch	Patches/gfx/layers/moz.build.patch	c454c15083918204ec2cd157a6c666f91990a5a4cb34ce288babfc5c35dd0c5b
ef14c2997ae7dfdb44155240ec64fea3140ba9e1	patches/gfx/layers/opengl/MacIOSurfaceTextureClientOGL.cpp.patch	Patches/gfx/layers/opengl/MacIOSurfaceTextureClientOGL.cpp.patch	8b2f5ec1e6a4aa13ddc7fd5d2fc3c93976351f569e7eab5972136ac5b70f7c04
ef14c2997ae7dfdb44155240ec64fea3140ba9e1	patches/gfx/layers/opengl/MacIOSurfaceTextureHostOGL.cpp.patch	Patches/gfx/layers/opengl/MacIOSurfaceTextureHostOGL.cpp.patch	02a93c66d2136a67e41d9152748b0121a72cef5f37214354bc508ef398a5bb6d
ef14c2997ae7dfdb44155240ec64fea3140ba9e1	patches/gfx/layers/opengl/TextureHostOGL.cpp.patch	Patches/gfx/layers/opengl/TextureHostOGL.cpp.patch	89142c99107fac8916aee0d09832f9d096adbf9396130436dc3f8352958c64f0
ef14c2997ae7dfdb44155240ec64fea3140ba9e1	patches/gfx/layers/wr/IpcResourceUpdateQueue.cpp.patch	Patches/gfx/layers/wr/IpcResourceUpdateQueue.cpp.patch	e33e0c3f7a542933928452aaa859f3bb05ee0d5c84f40635f7a0933b984960ca
ef14c2997ae7dfdb44155240ec64fea3140ba9e1	patches/gfx/layers/wr/IpcResourceUpdateQueue.h.patch	Patches/gfx/layers/wr/IpcResourceUpdateQueue.h.patch	24abf106a213c2a812b694173ed5e4bd7f6686ef66aa6be84d1ef61ebdfadf56
ef14c2997ae7dfdb44155240ec64fea3140ba9e1	patches/gfx/layers/wr/WebRenderBridgeChild.cpp.patch	Patches/gfx/layers/wr/WebRenderBridgeChild.cpp.patch	04751bba4f6ea49f7f736695f77730264fa3081384e320dff566b7ee1589d0e2
ef14c2997ae7dfdb44155240ec64fea3140ba9e1	patches/gfx/layers/wr/WebRenderBridgeParent.cpp.patch	Patches/gfx/layers/wr/WebRenderBridgeParent.cpp.patch	536add14dd14d931ee20f9a924865903939a2877babaf840436bcbc5a2a09b47
ef14c2997ae7dfdb44155240ec64fea3140ba9e1	patches/gfx/ots/RLBoxWOFF2Host.cpp.patch	Patches/gfx/ots/RLBoxWOFF2Host.cpp.patch	82fed00203ee045ceefad1865d2306e542cf7beda216a98c4765b684d07cf15a
ef14c2997ae7dfdb44155240ec64fea3140ba9e1	patches/gfx/thebes/CoreTextFontList.cpp.patch	Patches/gfx/thebes/CoreTextFontList.cpp.patch	cd7ba19ad7deb362eb70bfa5aca4dbf8ffc87bcf00a3e7625ae59e7323b8b00b
ef14c2997ae7dfdb44155240ec64fea3140ba9e1	patches/gfx/thebes/CoreTextFontList.h.patch	Patches/gfx/thebes/CoreTextFontList.h.patch	893afa2320bb77c031e4b868937547c2c199577f229d4b4ea4eea0de0c677d18
ef14c2997ae7dfdb44155240ec64fea3140ba9e1	patches/gfx/thebes/IOSPlatformFontList.mm.patch	Patches/gfx/thebes/IOSPlatformFontList.mm.patch	7398daf4c92d78285c43fe1b13f2b1d8e1203ef0a6422e6a3998e169e2e0323f
ef14c2997ae7dfdb44155240ec64fea3140ba9e1	patches/gfx/thebes/SharedFontList.cpp.patch	Patches/gfx/thebes/SharedFontList.cpp.patch	3246f2b37370a2fa8469e6b2a7b76ac0c9a6dda07b9bf384410d2a7622460abf
ef14c2997ae7dfdb44155240ec64fea3140ba9e1	patches/gfx/thebes/gfxCoreTextShaper.cpp.patch	Patches/gfx/thebes/gfxCoreTextShaper.cpp.patch	069ec4c2d828a4c045ce6d59d51dcc301430833fea4090f2d77dccdcee78224d
ef14c2997ae7dfdb44155240ec64fea3140ba9e1	patches/gfx/thebes/gfxFontEntry.cpp.patch	Patches/gfx/thebes/gfxFontEntry.cpp.patch	124b0904012d5d4e223386318bba232d69ed2333c17d11a8ec4cbee912b1bb38
ef14c2997ae7dfdb44155240ec64fea3140ba9e1	patches/gfx/thebes/gfxMacFont.cpp.patch	Patches/gfx/thebes/gfxMacFont.cpp.patch	19f98d64ed6467c18670d496979994a30c672a60365680549c15088f49f1b3a4
ef14c2997ae7dfdb44155240ec64fea3140ba9e1	patches/gfx/thebes/gfxPlatform.cpp.patch	Patches/gfx/thebes/gfxPlatform.cpp.patch	80a80bcd1b4a7f731ffbd4c9be214c4123adcd9838dfdeea216ba87fd7fffa7a
ef14c2997ae7dfdb44155240ec64fea3140ba9e1	patches/gfx/thebes/gfxPlatformMac.cpp.patch	Patches/gfx/thebes/gfxPlatformMac.cpp.patch	43d7d020f0a495c82889bacd3ac40775759afb1b6b79d6716b271c7232f3195c
ef14c2997ae7dfdb44155240ec64fea3140ba9e1	patches/gfx/thebes/gfxTextRun.cpp.patch	Patches/gfx/thebes/gfxTextRun.cpp.patch	9a83beeb25af0549064485327416ff62428c964a06ecb4954f5ca12f79619cb2
ef14c2997ae7dfdb44155240ec64fea3140ba9e1	patches/gfx/thebes/gfxUIKitVsyncSource.h.patch	Patches/gfx/thebes/gfxUIKitVsyncSource.h.patch	8ccf2dc9ca38dc8e707d48fd80125f40beaa6b6c6d1697e6fe96370d19f603ad
ef14c2997ae7dfdb44155240ec64fea3140ba9e1	patches/gfx/thebes/gfxUIKitVsyncSource.mm.patch	Patches/gfx/thebes/gfxUIKitVsyncSource.mm.patch	09b93239623f22e02193af624fb42f861eda8c2c76cac55fd6b3b73ed134bb38
ef14c2997ae7dfdb44155240ec64fea3140ba9e1	patches/gfx/thebes/moz.build.patch	Patches/gfx/thebes/moz.build.patch	7037197e6b503d95da6b3833892e8995bafb73df1f0814cec70151cfac31c731
ef14c2997ae7dfdb44155240ec64fea3140ba9e1	patches/gfx/webrender_bindings/Cargo.toml.patch	Patches/gfx/webrender_bindings/Cargo.toml.patch	12bbd35361b860609cba04174f063df5d3af0688e9102119609b06a9a4a1ecdd
ef14c2997ae7dfdb44155240ec64fea3140ba9e1	patches/gfx/webrender_bindings/RenderCompositorNative.cpp.patch	Patches/gfx/webrender_bindings/RenderCompositorNative.cpp.patch	01a51ba671a126aee63593e6ace6b6fdcc457d0f866b66f3d98816c738eeb9d4
ef14c2997ae7dfdb44155240ec64fea3140ba9e1	patches/gfx/webrender_bindings/RenderMacIOSurfaceTextureHost.cpp.patch	Patches/gfx/webrender_bindings/RenderMacIOSurfaceTextureHost.cpp.patch	58cd4b1178de9aaf7ea1e903a130e12357bcbf6d4033455ca9aba23c595499a6
ef14c2997ae7dfdb44155240ec64fea3140ba9e1	patches/gfx/webrender_bindings/WebRenderAPI.cpp.patch	Patches/gfx/webrender_bindings/WebRenderAPI.cpp.patch	08de898fa1569f7c1f7d7fff032a7af9bcf56e1f486b6cac779f4207be524c4a
ef14c2997ae7dfdb44155240ec64fea3140ba9e1	patches/gfx/webrender_bindings/WebRenderAPI.h.patch	Patches/gfx/webrender_bindings/WebRenderAPI.h.patch	110dd8791ec3b1488755c26809f7023468907614ea8f27240b695eea239d1b5c
ef14c2997ae7dfdb44155240ec64fea3140ba9e1	patches/gfx/webrender_bindings/src/bindings.rs.patch	Patches/gfx/webrender_bindings/src/bindings.rs.patch	7778e0f0ed168b528c57637e7b979ac9676c2421f48ab68dc3092d90a726b1ed
ef14c2997ae7dfdb44155240ec64fea3140ba9e1	patches/gfx/webrender_bindings/src/lib.rs.patch	Patches/gfx/webrender_bindings/src/lib.rs.patch	6a4b263c1df8dd9ef693a0b531b5c216cffdfd75da1403e7e870380a36bee7ef
ef14c2997ae7dfdb44155240ec64fea3140ba9e1	patches/gfx/webrender_bindings/src/moz2d_renderer.rs.patch	Patches/gfx/webrender_bindings/src/moz2d_renderer.rs.patch	ac704c0021952fedd50db08d7d3aa96126bbff1356100d66139b92e9df5d6054
ef14c2997ae7dfdb44155240ec64fea3140ba9e1	patches/gfx/wgpu_bindings/Cargo.toml.patch	Patches/gfx/wgpu_bindings/Cargo.toml.patch	4eef829e603b77f1948f944d254e9a8b85383e01e2d191ce6c325a6ce0db3e3a
ef14c2997ae7dfdb44155240ec64fea3140ba9e1	patches/gfx/wgpu_bindings/cbindgen.toml.patch	Patches/gfx/wgpu_bindings/cbindgen.toml.patch	d37cdbb66d044674f78334fa2a6b56147b3d99f69679817134cd344bf1548c4d
ef14c2997ae7dfdb44155240ec64fea3140ba9e1	patches/gfx/wgpu_bindings/src/server.rs.patch	Patches/gfx/wgpu_bindings/src/server.rs.patch	d28d399947635040c51c12fd52fd7bac8857cdd9c90a5cd2255f9a1f628a686e
ef14c2997ae7dfdb44155240ec64fea3140ba9e1	patches/gfx/wr/webrender_api/src/font.rs.patch	Patches/gfx/wr/webrender_api/src/font.rs.patch	fb288435f66861618be65c8e173527dbeff7b30b90511d8c32f850fb535b4a87
ef14c2997ae7dfdb44155240ec64fea3140ba9e1	patches/gfx/wr/wr_glyph_rasterizer/src/platform/macos/font.rs.patch	Patches/gfx/wr/wr_glyph_rasterizer/src/platform/macos/font.rs.patch	d1e3255881b09e32159fdf175385644cbb53c50b51a12d579f9090930cca8422
ef14c2997ae7dfdb44155240ec64fea3140ba9e1	patches/hal/moz.build.patch	Patches/hal/moz.build.patch	346c6fb7dc75adea284ad88a990e79e38623c79008e1bae87327298fe5db1f22
ef14c2997ae7dfdb44155240ec64fea3140ba9e1	patches/hal/uikit/UIKitBattery.mm.patch	Patches/hal/uikit/UIKitBattery.mm.patch	0a02b56b80f06fca9fd11748012582d85b22017585784cc1e756e3bcf44cfc32
ef14c2997ae7dfdb44155240ec64fea3140ba9e1	patches/hal/uikit/UIKitHeterogeneousCpuInfo.cpp.patch	Patches/hal/uikit/UIKitHeterogeneousCpuInfo.cpp.patch	36cf51689a24766c85ec78534196dc75652060924a2c55532a23b6a3c711bfaa
ef14c2997ae7dfdb44155240ec64fea3140ba9e1	patches/hal/uikit/UIKitProcessPriority.mm.patch	Patches/hal/uikit/UIKitProcessPriority.mm.patch	198384e5c53215ebf8a0c120bca676b75f864964c371fb73498ff6f27557d346
ef14c2997ae7dfdb44155240ec64fea3140ba9e1	patches/hal/uikit/UIKitSensor.mm.patch	Patches/hal/uikit/UIKitSensor.mm.patch	48352a31dbbe90bd01772e26ee29fb060736bec31c891bf4c6997c3f27c09bfd
ef14c2997ae7dfdb44155240ec64fea3140ba9e1	patches/ipc/chromium/src/base/message_pump_kqueue.cc.patch	Patches/ipc/chromium/src/base/message_pump_kqueue.cc.patch	029ea1318f0948bbc1f13c1216442de62ce1a7b2c7c8fef4d868945d9e158b66
ef14c2997ae7dfdb44155240ec64fea3140ba9e1	patches/ipc/chromium/src/chrome/common/ipc_channel_mach.cc.patch	Patches/ipc/chromium/src/chrome/common/ipc_channel_mach.cc.patch	09f6ee258a3b3f11f5754aca6cc934b299e220b5f858542f484752de2ec58b3c
ef14c2997ae7dfdb44155240ec64fea3140ba9e1	patches/ipc/glue/BackgroundParentImpl.cpp.patch	Patches/ipc/glue/BackgroundParentImpl.cpp.patch	75e84e5437a3c7dab8fd6f3f94b2c21247fe4bc4742fe9bf74dc7a559438749e
ef14c2997ae7dfdb44155240ec64fea3140ba9e1	patches/ipc/glue/BackgroundParentImpl.h.patch	Patches/ipc/glue/BackgroundParentImpl.h.patch	80b9ca2fbc59d4ef212ce4ae25ade7db7c1dd1e2e70c410002effcabe2da0978
ef14c2997ae7dfdb44155240ec64fea3140ba9e1	patches/ipc/glue/ExtensionKitUtils.h.patch	Patches/ipc/glue/ExtensionKitUtils.h.patch	93809f5c203b3b7d5e3added94b7a324ad6fa05bbe5d546f68e1d57dd9654be9
ef14c2997ae7dfdb44155240ec64fea3140ba9e1	patches/ipc/glue/ExtensionKitUtils.mm.patch	Patches/ipc/glue/ExtensionKitUtils.mm.patch	e25cedab05961c91d1aff941383b6ffb2fb349ee1576db7f55b40a54385eca33
ef14c2997ae7dfdb44155240ec64fea3140ba9e1	patches/ipc/glue/GeckoChildProcessHost.cpp.patch	Patches/ipc/glue/GeckoChildProcessHost.cpp.patch	cd981be1f29a256f079175f66ee5476cd8fb12480116b6952ce10afb798f7b6c
ef14c2997ae7dfdb44155240ec64fea3140ba9e1	patches/ipc/glue/GeckoChildProcessHost.h.patch	Patches/ipc/glue/GeckoChildProcessHost.h.patch	4ed24700f3054991ffd6a6bf3af344091206c23bae616347364f42478bc5f5e9
ef14c2997ae7dfdb44155240ec64fea3140ba9e1	patches/ipc/glue/NSExtensionUtils.h.patch	Patches/ipc/glue/NSExtensionUtils.h.patch	47b757c84a3fc12ed74813d89d63dac47d7df5a3b155737a9d71d83b47b5eae4
ef14c2997ae7dfdb44155240ec64fea3140ba9e1	patches/ipc/glue/NSExtensionUtils.mm.patch	Patches/ipc/glue/NSExtensionUtils.mm.patch	ee0bff028c65552b40cf18bab33cb1a1ad425d7ef97c9c267a800af9e40b0acb
ef14c2997ae7dfdb44155240ec64fea3140ba9e1	patches/ipc/glue/PBackground.ipdl.patch	Patches/ipc/glue/PBackground.ipdl.patch	76a81dccd96c0e345843af4b2f90ab20cbb23752a3ddc6909218e0dc25b3ebc1
ef14c2997ae7dfdb44155240ec64fea3140ba9e1	patches/ipc/glue/moz.build.patch	Patches/ipc/glue/moz.build.patch	3b5a54514497b2980d74bebf20f9ad1b05b97a5f2185674797cb59a06c3578c7
ef14c2997ae7dfdb44155240ec64fea3140ba9e1	patches/js/src/build/moz.build.patch	Patches/js/src/build/moz.build.patch	49ed392d8c1e88968e5589ca3981a12502e1cc800de174c3aaa475de7e94c9aa
ef14c2997ae7dfdb44155240ec64fea3140ba9e1	patches/js/src/jit/CodeGenerator.cpp.patch	Patches/js/src/jit/CodeGenerator.cpp.patch	897c6fc136a6cc866c59b7b8754e0769c91156266da123d557dfba69daf84d19
ef14c2997ae7dfdb44155240ec64fea3140ba9e1	patches/js/src/jit/ExecutableAllocator.cpp.patch	Patches/js/src/jit/ExecutableAllocator.cpp.patch	4cd46c98b84de8954a86746afbf6599c66f92ae128618005ade9a5042eed3789
ef14c2997ae7dfdb44155240ec64fea3140ba9e1	patches/js/src/jit/Ion.cpp.patch	Patches/js/src/jit/Ion.cpp.patch	100615f4f4255a008efc5459d842a1efe6fb68b784e4cbf014537c33d1cfc6e0
ef14c2997ae7dfdb44155240ec64fea3140ba9e1	patches/js/src/jit/IonCacheIRCompiler.cpp.patch	Patches/js/src/jit/IonCacheIRCompiler.cpp.patch	493afadaf0495cdd932b642bcb78362df8591513b521fda42a251a499ff62c18
ef14c2997ae7dfdb44155240ec64fea3140ba9e1	patches/js/src/jit/IonCacheIRCompiler.h.patch	Patches/js/src/jit/IonCacheIRCompiler.h.patch	c23895de4735a07c0f3a782fd6216483f16f3be6c531a47016d1fd92de2eda65
ef14c2997ae7dfdb44155240ec64fea3140ba9e1	patches/js/src/jit/JitFrames.cpp.patch	Patches/js/src/jit/JitFrames.cpp.patch	96de0aa5e09b46526f65a9da933845678250bd439402915596bfca60cae0c70c
ef14c2997ae7dfdb44155240ec64fea3140ba9e1	patches/js/src/jit/JitFrames.h.patch	Patches/js/src/jit/JitFrames.h.patch	c50b6d44940eef2247dde4c8e0612646c3052f25fe373cf77a8bfdb0c9b5051f
ef14c2997ae7dfdb44155240ec64fea3140ba9e1	patches/js/src/jit/JitOptions.cpp.patch	Patches/js/src/jit/JitOptions.cpp.patch	ae2e5914abdb9f73851c1f1086575bccf2e6c9ed8a0f210e2419e645a6f23ccc
ef14c2997ae7dfdb44155240ec64fea3140ba9e1	patches/js/src/jit/ProcessExecutableMemory.cpp.patch	Patches/js/src/jit/ProcessExecutableMemory.cpp.patch	cfc840349c4d55c2aa04df417f40a40b8b1fda86ac3b17e18ef02be770d26d35
ef14c2997ae7dfdb44155240ec64fea3140ba9e1	patches/js/src/jit/ProcessExecutableMemory.h.patch	Patches/js/src/jit/ProcessExecutableMemory.h.patch	dd64f0a9fcc02f00c9e218208a47f3bfe869ad43f45b2fdaaba49fb4b75d8504
ef14c2997ae7dfdb44155240ec64fea3140ba9e1	patches/js/src/jit/arm64/Assembler-arm64.cpp.patch	Patches/js/src/jit/arm64/Assembler-arm64.cpp.patch	8a01a0cded1ed4944e07f2770bb0d8d7bf3c9aa256e8e3d7f64dc0c43ed41f37
ef14c2997ae7dfdb44155240ec64fea3140ba9e1	patches/js/src/jit/arm64/Assembler-arm64.h.patch	Patches/js/src/jit/arm64/Assembler-arm64.h.patch	ff31de29858f7f80d54cc025891860724510d44bc8254d6c4b26e059dd585e64
ef14c2997ae7dfdb44155240ec64fea3140ba9e1	patches/js/src/jit/arm64/MacroAssembler-arm64.cpp.patch	Patches/js/src/jit/arm64/MacroAssembler-arm64.cpp.patch	9a9f5a970adebbdc9b26566727f4f691a5a9e722e593c075c0961eb571b30acc
ef14c2997ae7dfdb44155240ec64fea3140ba9e1	patches/js/src/jit/arm64/vixl/Cpu-vixl.cpp.patch	Patches/js/src/jit/arm64/vixl/Cpu-vixl.cpp.patch	1723a28db9aaea6594458e2c64ae8769c06c9902f3bd04a79b34c71d03a849e9
ef14c2997ae7dfdb44155240ec64fea3140ba9e1	patches/js/src/wasm/WasmBuiltins.cpp.patch	Patches/js/src/wasm/WasmBuiltins.cpp.patch	9cfb36557d4ed8b781b7da925b309cac0a247f527b07555707daa85e016023bb
ef14c2997ae7dfdb44155240ec64fea3140ba9e1	patches/js/src/wasm/WasmCode.cpp.patch	Patches/js/src/wasm/WasmCode.cpp.patch	98addefa5ba4a618058ebfb55ffd8369bda7c8ea76107b9d724d5642d6fcd66e
ef14c2997ae7dfdb44155240ec64fea3140ba9e1	patches/layout/base/AccessibleCaret.cpp.patch	Patches/layout/base/AccessibleCaret.cpp.patch	51bc1344a1027725d62574aa3e1958362d884ab3421f70c5da30c1f2b2be68e4
ef14c2997ae7dfdb44155240ec64fea3140ba9e1	patches/layout/base/AccessibleCaret.h.patch	Patches/layout/base/AccessibleCaret.h.patch	20003e497a8a9137d9d3c9096779870ff5f01bb382a2f74e2c3a1942b5cb7aa9
ef14c2997ae7dfdb44155240ec64fea3140ba9e1	patches/layout/base/AccessibleCaretManager.cpp.patch	Patches/layout/base/AccessibleCaretManager.cpp.patch	80978a98b914972aad90985eb7841cfd7defb3a9eccad45de937189a7d1ac99a
ef14c2997ae7dfdb44155240ec64fea3140ba9e1	patches/layout/generic/nsIFrame.cpp.patch	Patches/layout/generic/nsIFrame.cpp.patch	7a1a28601971fabd6437aa28bc43cacf43a804c5e36593e8ac64372e22544fe8
ef14c2997ae7dfdb44155240ec64fea3140ba9e1	patches/layout/ipc/RemoteLayerTreeOwner.cpp.patch	Patches/layout/ipc/RemoteLayerTreeOwner.cpp.patch	93054c6826c95c5548346d63de672b5b9bd2e0887a1e97fb8332b28385378258
ef14c2997ae7dfdb44155240ec64fea3140ba9e1	patches/layout/style/res/accessiblecaret.css.patch	Patches/layout/style/res/accessiblecaret.css.patch	292c81224522ef723d46bdc0e6624f29f519ea3724711e59d98dae2a73060472
ef14c2997ae7dfdb44155240ec64fea3140ba9e1	patches/layout/style/res/ua.css.patch	Patches/layout/style/res/ua.css.patch	0cdd0abd58e97d1faf927ac45ce9d03cb34e1fc0d3d702d5983703d968bb7b7a
ef14c2997ae7dfdb44155240ec64fea3140ba9e1	patches/media/libcubeb/src/cubeb_audiounit.cpp.patch	Patches/media/libcubeb/src/cubeb_audiounit.cpp.patch	5c617c79c2cdb40153fb6ca24f78af1956633a856451d64d0fc4780698756a85
ef14c2997ae7dfdb44155240ec64fea3140ba9e1	patches/media/libcubeb/src/cubeb_audiounit_ios.mm.patch	Patches/media/libcubeb/src/cubeb_audiounit_ios.mm.patch	bc7145b6d69acfdedc01faa5b3d770cdd5d9aa2debd38bd2598f9767f19de7c9
ef14c2997ae7dfdb44155240ec64fea3140ba9e1	patches/media/libcubeb/src/cubeb_resampler_internal.h.patch	Patches/media/libcubeb/src/cubeb_resampler_internal.h.patch	73ea666867f851a162dad78b815bf1fd3cca2598c57af27d7c390eaa8cbe9963
ef14c2997ae7dfdb44155240ec64fea3140ba9e1	patches/media/libcubeb/src/moz.build.patch	Patches/media/libcubeb/src/moz.build.patch	21a49f921d7223edc0989620bb4db35e4bbd46cc48f6db67f4490ea29b4c44df
ef14c2997ae7dfdb44155240ec64fea3140ba9e1	patches/mobile/ios/app/mobile.js.patch	Patches/mobile/ios/app/mobile.js.patch	d569515e0623aa84f1decce4830d6bc36e1cde171948174d5997a58a92e04446
ef14c2997ae7dfdb44155240ec64fea3140ba9e1	patches/mobile/shared/actors/GeckoViewAutoFillChild.sys.mjs.patch	Patches/mobile/shared/actors/GeckoViewAutoFillChild.sys.mjs.patch	2a8d08ee2e50523bdeac4b04c8ccbc4a01335fb778f4018b7319eebcd05e9e83
ef14c2997ae7dfdb44155240ec64fea3140ba9e1	patches/mobile/shared/actors/GeckoViewAutoFillParent.sys.mjs.patch	Patches/mobile/shared/actors/GeckoViewAutoFillParent.sys.mjs.patch	8fd5f3bf8931f1533c5dff588e88b2dc7ae554cb5a8ddcd34ce1146e80031b8d
ef14c2997ae7dfdb44155240ec64fea3140ba9e1	patches/mobile/shared/actors/GeckoViewContentChild.sys.mjs.patch	Patches/mobile/shared/actors/GeckoViewContentChild.sys.mjs.patch	d1871f7725bbd74de657580e92ab3b4573f62e5430e606573eb07d9d205f172b
ef14c2997ae7dfdb44155240ec64fea3140ba9e1	patches/mobile/shared/actors/GeckoViewPrompterChild.sys.mjs.patch	Patches/mobile/shared/actors/GeckoViewPrompterChild.sys.mjs.patch	37763eba9c491fa3ec911901baf14d66e6f1c9558936e70cd8844affd893ac61
ef14c2997ae7dfdb44155240ec64fea3140ba9e1	patches/mobile/shared/actors/SelectionActionDelegateChild.sys.mjs.patch	Patches/mobile/shared/actors/SelectionActionDelegateChild.sys.mjs.patch	e38cce71f6670d198c613bb3cc1d8171e0bcbda34af1d05b5d83c965016fe3f3
ef14c2997ae7dfdb44155240ec64fea3140ba9e1	patches/mobile/shared/components/geckoview/FilePickerDelegate.sys.mjs.patch	Patches/mobile/shared/components/geckoview/FilePickerDelegate.sys.mjs.patch	ae58b55569f749dba4e5159995a3b6ea339e03b653619c7c96ab80c4df0317c6
ef14c2997ae7dfdb44155240ec64fea3140ba9e1	patches/mobile/shared/components/geckoview/GeckoViewPermission.sys.mjs.patch	Patches/mobile/shared/components/geckoview/GeckoViewPermission.sys.mjs.patch	8dcab0b2891cf0ea1501e120954a29ced6fb6896acc0145a9fa876dd53d90624
ef14c2997ae7dfdb44155240ec64fea3140ba9e1	patches/mobile/shared/components/geckoview/GeckoViewPrompt.sys.mjs.patch	Patches/mobile/shared/components/geckoview/GeckoViewPrompt.sys.mjs.patch	d98601221bc45c860b5ca9edaf701021c46553248d547432fd5784c1171b4e1b
ef14c2997ae7dfdb44155240ec64fea3140ba9e1	patches/mobile/shared/components/geckoview/GeckoViewPrompter.sys.mjs.patch	Patches/mobile/shared/components/geckoview/GeckoViewPrompter.sys.mjs.patch	dcda903b3fc1a0c1e90550a8a2997165b1baed825ff586e12a44fa4bca047344
ef14c2997ae7dfdb44155240ec64fea3140ba9e1	patches/mobile/shared/components/geckoview/GeckoViewStartup.sys.mjs.patch	Patches/mobile/shared/components/geckoview/GeckoViewStartup.sys.mjs.patch	9fd89e40d6ce37ecae2a58d17c5459b434d9290e2f7975876fb39c01803ac7c6
ef14c2997ae7dfdb44155240ec64fea3140ba9e1	patches/mobile/shared/modules/geckoview/FormAutoFillKeywords.sys.mjs.patch	Patches/mobile/shared/modules/geckoview/FormAutoFillKeywords.sys.mjs.patch	cbe36f385fb4c87a44271d21eef7eb7dd66cb170ff33b6a474fbea30cd666118
ef14c2997ae7dfdb44155240ec64fea3140ba9e1	patches/mobile/shared/modules/geckoview/FormFieldClassifier.sys.mjs.patch	Patches/mobile/shared/modules/geckoview/FormFieldClassifier.sys.mjs.patch	fb4b45b6c7fb51656656c63c67f940f63f08fcf18b42d491f13fa2891e67ad69
ef14c2997ae7dfdb44155240ec64fea3140ba9e1	patches/mobile/shared/modules/geckoview/GeckoViewAutofill.sys.mjs.patch	Patches/mobile/shared/modules/geckoview/GeckoViewAutofill.sys.mjs.patch	ee87a19b34bca55ac458a739729ae38778cb4a7c079f33a2decdb28921f6b86a
ef14c2997ae7dfdb44155240ec64fea3140ba9e1	patches/mobile/shared/modules/geckoview/GeckoViewContent.sys.mjs.patch	Patches/mobile/shared/modules/geckoview/GeckoViewContent.sys.mjs.patch	97e9177be3ae76dcff7ebf07095d93ef0e115e7030b8b9134707697f7274a111
ef14c2997ae7dfdb44155240ec64fea3140ba9e1	patches/mobile/shared/modules/geckoview/GeckoViewMediaControl.sys.mjs.patch	Patches/mobile/shared/modules/geckoview/GeckoViewMediaControl.sys.mjs.patch	0b413a7f1a0c68e13f97f8d1f479501324e7238f2b0409be9048e50a70d5a322
ef14c2997ae7dfdb44155240ec64fea3140ba9e1	patches/mobile/shared/modules/geckoview/GeckoViewSettings.sys.mjs.patch	Patches/mobile/shared/modules/geckoview/GeckoViewSettings.sys.mjs.patch	21ab23c3f962c01bf4cec2b9c88f93dd5d6c39b8782d01632ae5a4701d115546
ef14c2997ae7dfdb44155240ec64fea3140ba9e1	patches/mobile/shared/modules/geckoview/GeckoViewStorageController.sys.mjs.patch	Patches/mobile/shared/modules/geckoview/GeckoViewStorageController.sys.mjs.patch	f765b50b485ad7736cb6836f87013e8056d9063a31738f4ca011ad4ca36b0b3a
ef14c2997ae7dfdb44155240ec64fea3140ba9e1	patches/mobile/shared/modules/geckoview/Messaging.sys.mjs.patch	Patches/mobile/shared/modules/geckoview/Messaging.sys.mjs.patch	c6e366c4a49cd7cf2ebce39471b1bd0e47314b0b50aab30ee0a3e93938c27659
ef14c2997ae7dfdb44155240ec64fea3140ba9e1	patches/mobile/shared/modules/geckoview/moz.build.patch	Patches/mobile/shared/modules/geckoview/moz.build.patch	1058b944b409379bcfdcd310cb6ed7407ce5f2a0afcc5fa874438212b4a2611d
ef14c2997ae7dfdb44155240ec64fea3140ba9e1	patches/modules/libpref/init/StaticPrefList.yaml.patch	Patches/modules/libpref/init/StaticPrefList.yaml.patch	d92c61d111423dafc936c52246e7397a6db020f36debabd683ee5a5cefc314f4
ef14c2997ae7dfdb44155240ec64fea3140ba9e1	patches/modules/libpref/init/all.js.patch	Patches/modules/libpref/init/all.js.patch	edb4530cdcf81485d8086c4861dcd505d2d27d3d83f0855a8eb58292d7332ece
ef14c2997ae7dfdb44155240ec64fea3140ba9e1	patches/modules/woff2/moz.build.patch	Patches/modules/woff2/moz.build.patch	cfd71e7777633de612d85d752320e00236a339f437cd38cb2deb98d8be21e6f8
ef14c2997ae7dfdb44155240ec64fea3140ba9e1	patches/netwerk/build/components.conf.patch	Patches/netwerk/build/components.conf.patch	1a8e7e1f163c3600a3b0503df8cc3a64f1c9bc9f45808ffecc1c5bbf3807ba96
ef14c2997ae7dfdb44155240ec64fea3140ba9e1	patches/netwerk/ipc/SocketProcessHost.cpp.patch	Patches/netwerk/ipc/SocketProcessHost.cpp.patch	6ac8bdb9bc2f8e0c909840b76c309b171f0776b43d6965638c5f493b5076dc0e
ef14c2997ae7dfdb44155240ec64fea3140ba9e1	patches/netwerk/protocol/http/HttpConnectionMgrChild.cpp.patch	Patches/netwerk/protocol/http/HttpConnectionMgrChild.cpp.patch	9339d606d1a3fd8b3bdee1945866a02272d9f0ccd94b3b092bc801ee8d5a963e
ef14c2997ae7dfdb44155240ec64fea3140ba9e1	patches/netwerk/protocol/http/HttpConnectionMgrChild.h.patch	Patches/netwerk/protocol/http/HttpConnectionMgrChild.h.patch	8f64075c50aeacf499febfcead0d2141f99f4f3f124cee878302d9086183267d
ef14c2997ae7dfdb44155240ec64fea3140ba9e1	patches/netwerk/protocol/http/HttpConnectionMgrParent.cpp.patch	Patches/netwerk/protocol/http/HttpConnectionMgrParent.cpp.patch	5441ec33603bcad96837872fd8e5e0f7aad30cb9ff924bd4fc7989db45606ee1
ef14c2997ae7dfdb44155240ec64fea3140ba9e1	patches/netwerk/protocol/http/HttpConnectionMgrParent.h.patch	Patches/netwerk/protocol/http/HttpConnectionMgrParent.h.patch	263ec95da3b829aecdef580be6321cb1349ae93ba357986c163d0595da5ad018
ef14c2997ae7dfdb44155240ec64fea3140ba9e1	patches/netwerk/protocol/http/PHttpConnectionMgr.ipdl.patch	Patches/netwerk/protocol/http/PHttpConnectionMgr.ipdl.patch	a4eab48bed0002136520ccf62df517533b8a50ba18968564de64e380c2f5215b
ef14c2997ae7dfdb44155240ec64fea3140ba9e1	patches/netwerk/protocol/http/nsHttpChannel.cpp.patch	Patches/netwerk/protocol/http/nsHttpChannel.cpp.patch	e49fbf30623fe7942c7f6f0b53c831d036b0d04afb2045f81a353ceda2b3944d
ef14c2997ae7dfdb44155240ec64fea3140ba9e1	patches/netwerk/protocol/http/nsHttpHandler.cpp.patch	Patches/netwerk/protocol/http/nsHttpHandler.cpp.patch	6046408ae9256bc063dac001e0d5f0e996ca55147d7076b78080cadc58f403e8
ef14c2997ae7dfdb44155240ec64fea3140ba9e1	patches/netwerk/protocol/http/nsHttpHandler.h.patch	Patches/netwerk/protocol/http/nsHttpHandler.h.patch	49ad5dc7c30f3f3af1f3da195ac6254a48fb3f43d5d0c6ed0f9ea2f21ba802d2
ef14c2997ae7dfdb44155240ec64fea3140ba9e1	patches/netwerk/system/ios/moz.build.patch	Patches/netwerk/system/ios/moz.build.patch	7e3b8e22ab62f670d8b171577cf03903367fab17299a2574764fef88f1f708d0
ef14c2997ae7dfdb44155240ec64fea3140ba9e1	patches/netwerk/system/ios/nsIOSNetworkLinkService.h.patch	Patches/netwerk/system/ios/nsIOSNetworkLinkService.h.patch	5f329b47e63b0013cc7df100b38339bd410ac3f22adf4569e392dd99500f4357
ef14c2997ae7dfdb44155240ec64fea3140ba9e1	patches/netwerk/system/ios/nsIOSNetworkLinkService.mm.patch	Patches/netwerk/system/ios/nsIOSNetworkLinkService.mm.patch	aaeec03bcdacb346a38b654ffd8bfb455c4a561aea0ab0a093039e3ae05773a5
ef14c2997ae7dfdb44155240ec64fea3140ba9e1	patches/netwerk/system/ios/nsNetworkLinkServiceIOS.mm.patch	Patches/netwerk/system/ios/nsNetworkLinkServiceIOS.mm.patch	8fff9ba478806c808657e84dd1223ff10a21d1d76e9176163668371ab232f817
ef14c2997ae7dfdb44155240ec64fea3140ba9e1	patches/parser/expat/moz.build.patch	Patches/parser/expat/moz.build.patch	b6cedadef1ef25de6bc0e50529503237f37fa8d51c8fa042bad7e0198d7812ae
ef14c2997ae7dfdb44155240ec64fea3140ba9e1	patches/parser/expat/rlbox_expat.h.patch	Patches/parser/expat/rlbox_expat.h.patch	c4f02d95415b556ebde70abc547aaac293243f5fae632bff6012c54d43c3c76d
ef14c2997ae7dfdb44155240ec64fea3140ba9e1	patches/parser/expat/rlbox_expat_types.h.patch	Patches/parser/expat/rlbox_expat_types.h.patch	d89afba717daf33c1614a911ab78b415f1c222fe7b95d58114d7d4c7b92ea1be
ef14c2997ae7dfdb44155240ec64fea3140ba9e1	patches/parser/htmlparser/nsExpatDriver.cpp.patch	Patches/parser/htmlparser/nsExpatDriver.cpp.patch	5738348c473603d2af1598470a2a464ace025b5dd86a157c47008817a38dc53d
ef14c2997ae7dfdb44155240ec64fea3140ba9e1	patches/security/manager/ssl/TLSClientAuthCertSelection.cpp.patch	Patches/security/manager/ssl/TLSClientAuthCertSelection.cpp.patch	f900f9d4b530779c5c4800eeba1322f061aca969e1b763503bfd7676108ee7c7
ef14c2997ae7dfdb44155240ec64fea3140ba9e1	patches/third_party/libwebrtc/moz.build.patch	Patches/third_party/libwebrtc/moz.build.patch	32c89b7edb74a663f56d80b85fa85d4c9ee7e594d948dc5f10a4d4c6951a96cf
ef14c2997ae7dfdb44155240ec64fea3140ba9e1	patches/third_party/libwebrtc/sdk/objc/components/capturer/RTCCameraVideoCapturer.m.patch	Patches/third_party/libwebrtc/sdk/objc/components/capturer/RTCCameraVideoCapturer.m.patch	2f4e2b1318cbedd43c07e9b4bede67c7304d7725a73f23144f31cc17691dc374
ef14c2997ae7dfdb44155240ec64fea3140ba9e1	patches/toolkit/components/extensions/Extension.sys.mjs.patch	Patches/toolkit/components/extensions/Extension.sys.mjs.patch	2c6c6ec28bdbc6b4ffedf7ecdd3d643f2affb3bcb40eb09a364198a602f7ccb6
ef14c2997ae7dfdb44155240ec64fea3140ba9e1	patches/toolkit/content/jar.mn.patch	Patches/toolkit/content/jar.mn.patch	d78790f777c22eebec4c6664cc9e243df739a2689cd5b03d6d814f6a7e263790
ef14c2997ae7dfdb44155240ec64fea3140ba9e1	patches/toolkit/library/libxul.symbols.patch	Patches/toolkit/library/libxul.symbols.patch	3c70ed0887ceeccdd6b0bbb66f06c461fc4f4126c85642719480d4f884965d8a
ef14c2997ae7dfdb44155240ec64fea3140ba9e1	patches/toolkit/library/moz.build.patch	Patches/toolkit/library/moz.build.patch	8a4561858feca9c214daf17bf85abf1609485dd5055f9ed51fb15d02f1099635
ef14c2997ae7dfdb44155240ec64fea3140ba9e1	patches/toolkit/modules/ActorManagerParent.sys.mjs.patch	Patches/toolkit/modules/ActorManagerParent.sys.mjs.patch	a8380d4951279eaaef66889b9ece431be0fd84fc87e34e5effc10d5a89ee5c80
ef14c2997ae7dfdb44155240ec64fea3140ba9e1	patches/toolkit/moz.configure.patch	Patches/toolkit/moz.configure.patch	58c67df6e2fecea53e6cc7b234096130d5070342bafeaea8c40785da1b6ebd66
ef14c2997ae7dfdb44155240ec64fea3140ba9e1	patches/toolkit/mozapps/extensions/internal/AddonSettings.sys.mjs.patch	Patches/toolkit/mozapps/extensions/internal/AddonSettings.sys.mjs.patch	cb3256281889a7506d66c4aa91dfc26dcf2285cfc1c1790e86d7136c888a798b
ef14c2997ae7dfdb44155240ec64fea3140ba9e1	patches/toolkit/mozapps/extensions/internal/XPIDatabase.sys.mjs.patch	Patches/toolkit/mozapps/extensions/internal/XPIDatabase.sys.mjs.patch	98813eb576a52a55751ac8941b479db7e11cf8b8f45c0585daf5d3947b1e02dd
ef14c2997ae7dfdb44155240ec64fea3140ba9e1	patches/toolkit/mozapps/extensions/internal/XPIProvider.sys.mjs.patch	Patches/toolkit/mozapps/extensions/internal/XPIProvider.sys.mjs.patch	0823bba5ed5004f76b7f96ab3e1cee9c0cea2042328a4be7e54dcfa2091d01e8
ef14c2997ae7dfdb44155240ec64fea3140ba9e1	patches/toolkit/xre/IOSBootstrap.h.patch	Patches/toolkit/xre/IOSBootstrap.h.patch	3c026c46159f52c9d40cc2392fbe371c82d85109957dbec164f2e256b554de97
ef14c2997ae7dfdb44155240ec64fea3140ba9e1	patches/toolkit/xre/IOSBootstrap.mm.patch	Patches/toolkit/xre/IOSBootstrap.mm.patch	5f49b7090a8904bff0a4c052964e20ac820f9b17d303401592cb206b22aaa565
ef14c2997ae7dfdb44155240ec64fea3140ba9e1	patches/widget/CompositorWidget.h.patch	Patches/widget/CompositorWidget.h.patch	989a3628eb357a99c279fbcb1924f44b075d2599404bf14af52e77f002b9f0b1
ef14c2997ae7dfdb44155240ec64fea3140ba9e1	patches/widget/ContentCache.cpp.patch	Patches/widget/ContentCache.cpp.patch	1dabc88ed66034fce07dcf82fe78c894cdfdb6133a5f37de42452d814abfd503
ef14c2997ae7dfdb44155240ec64fea3140ba9e1	patches/widget/ContentCache.h.patch	Patches/widget/ContentCache.h.patch	f58ec27423d375b39c6ee62de2ca663c0d8a6629691f1856ecf82f056281846c
ef14c2997ae7dfdb44155240ec64fea3140ba9e1	patches/widget/InProcessCompositorWidget.cpp.patch	Patches/widget/InProcessCompositorWidget.cpp.patch	c2be49870d83e374f6f154bb45156e0839ab76c838b19ed25728be69b042afe1
ef14c2997ae7dfdb44155240ec64fea3140ba9e1	patches/widget/PuppetWidget.cpp.patch	Patches/widget/PuppetWidget.cpp.patch	de0a6c1853392ad92cf108ac6761418d27e6355c5c5904c982914bbc18677522
ef14c2997ae7dfdb44155240ec64fea3140ba9e1	patches/widget/PuppetWidget.h.patch	Patches/widget/PuppetWidget.h.patch	0146258dc4dda3fdfece14281a5853c8c0b459d8c6b0834379651bb872b96304
ef14c2997ae7dfdb44155240ec64fea3140ba9e1	patches/widget/moz.build.patch	Patches/widget/moz.build.patch	3a3bae9726efde0afa77b441a83b9b62d081a3fadedc4032684f9a95b6f5a3d9
ef14c2997ae7dfdb44155240ec64fea3140ba9e1	patches/widget/nsGUIEventIPC.h.patch	Patches/widget/nsGUIEventIPC.h.patch	db54c38427a7d985963b70261dd55f0c3755f2e21e35f8eded174d1703797efb
ef14c2997ae7dfdb44155240ec64fea3140ba9e1	patches/widget/uikit/CompositorWidgetChild.cpp.patch	Patches/widget/uikit/CompositorWidgetChild.cpp.patch	cfd84a074f331fd1c00c25acbe8df0b4b54a66090da38631d0d7c09dc4af2f15
ef14c2997ae7dfdb44155240ec64fea3140ba9e1	patches/widget/uikit/CompositorWidgetChild.h.patch	Patches/widget/uikit/CompositorWidgetChild.h.patch	13adbd9a3721731e9b965c2900c78528d7c84d9ece2f9d1a037eebd72824c6da
ef14c2997ae7dfdb44155240ec64fea3140ba9e1	patches/widget/uikit/CompositorWidgetParent.cpp.patch	Patches/widget/uikit/CompositorWidgetParent.cpp.patch	6dc623a8e9afd35b337d7bbaac87d27f97e1da93c35a781027a5aeb735713b91
ef14c2997ae7dfdb44155240ec64fea3140ba9e1	patches/widget/uikit/CompositorWidgetParent.h.patch	Patches/widget/uikit/CompositorWidgetParent.h.patch	6c48d4b9e44334d3cc52f8c893edc7bcf32ebf88b4ec6babad58274e71068853
ef14c2997ae7dfdb44155240ec64fea3140ba9e1	patches/widget/uikit/EventDispatcher.h.patch	Patches/widget/uikit/EventDispatcher.h.patch	be9d9f675643e7fb11616285ab8c090d73b132eb628568495cb484a89d629fc2
ef14c2997ae7dfdb44155240ec64fea3140ba9e1	patches/widget/uikit/EventDispatcher.mm.patch	Patches/widget/uikit/EventDispatcher.mm.patch	61e5ce0b7a364a4ce860d58cad90e0620f34c564f87b749ff2434f9768d7431e
ef14c2997ae7dfdb44155240ec64fea3140ba9e1	patches/widget/uikit/ExternalResponseService.h.patch	Patches/widget/uikit/ExternalResponseService.h.patch	0e48b0dcd784baee0227615c6a451c4c1e554eb56db18aa3d5543daf709d50f1
ef14c2997ae7dfdb44155240ec64fea3140ba9e1	patches/widget/uikit/ExternalResponseService.mm.patch	Patches/widget/uikit/ExternalResponseService.mm.patch	3174a51dcf059d0945ec6d6db2032adde0d6a8739b8c450911b48d8d668ca9b7
ef14c2997ae7dfdb44155240ec64fea3140ba9e1	patches/widget/uikit/GeckoEditableSupport.h.patch	Patches/widget/uikit/GeckoEditableSupport.h.patch	d73c2db09a5723d2b8f83902e5aece956f5af7114b5000389713898d703a613a
ef14c2997ae7dfdb44155240ec64fea3140ba9e1	patches/widget/uikit/GeckoEditableSupport.mm.patch	Patches/widget/uikit/GeckoEditableSupport.mm.patch	7f2413f710f69730fdc42adc3f28886a363e71e8317577b11d78d8aa75c7d5da
ef14c2997ae7dfdb44155240ec64fea3140ba9e1	patches/widget/uikit/GeckoViewRuntimeSupport.h.patch	Patches/widget/uikit/GeckoViewRuntimeSupport.h.patch	570c93a98b69450354a9ef157e57747f3df66f4f7f23bd3b087202f69b37358f
ef14c2997ae7dfdb44155240ec64fea3140ba9e1	patches/widget/uikit/GeckoViewSwiftSupport.h.patch	Patches/widget/uikit/GeckoViewSwiftSupport.h.patch	c411e330a5c7f8d86da224df4d392470a4e2c6b91459e5cd08cd13174a787bfe
ef14c2997ae7dfdb44155240ec64fea3140ba9e1	patches/widget/uikit/PictureInPictureSupport.h.patch	Patches/widget/uikit/PictureInPictureSupport.h.patch	5e55669b2388f296569319ba2bb4878a811f079ba09fd52524923c55a9e59a03
ef14c2997ae7dfdb44155240ec64fea3140ba9e1	patches/widget/uikit/PictureInPictureSupport.mm.patch	Patches/widget/uikit/PictureInPictureSupport.mm.patch	fd3d62001f032f2bc02a672ecf88c8aed1c9c9ca9fe46fcc9c014c2d22637fc0
ef14c2997ae7dfdb44155240ec64fea3140ba9e1	patches/widget/uikit/TextInputHandler.h.patch	Patches/widget/uikit/TextInputHandler.h.patch	3206722c6e9c6b5937f3d6602f21bfe8f81c672583b442313850c2672cb8af79
ef14c2997ae7dfdb44155240ec64fea3140ba9e1	patches/widget/uikit/TextInputHandler.mm.patch	Patches/widget/uikit/TextInputHandler.mm.patch	aac1add4ac3bf858949f39f93184181f27adf0c1a502687a2f6efb52d997cd91
ef14c2997ae7dfdb44155240ec64fea3140ba9e1	patches/widget/uikit/UIKitCompositorWidget.cpp.patch	Patches/widget/uikit/UIKitCompositorWidget.cpp.patch	a107101750806b673095fca978e2978fe20925463ee7d2d836bb423c3a208a69
ef14c2997ae7dfdb44155240ec64fea3140ba9e1	patches/widget/uikit/UIKitCompositorWidget.h.patch	Patches/widget/uikit/UIKitCompositorWidget.h.patch	851a0c760b7b1526c8678f4a02b93047e35cf36c9b999f17b55736b9c0a3bdcf
ef14c2997ae7dfdb44155240ec64fea3140ba9e1	patches/widget/uikit/components.conf.patch	Patches/widget/uikit/components.conf.patch	e71dfb5ab81d303b76ffb9f9212c17e7d5587898a23a05164633778de624dc77
ef14c2997ae7dfdb44155240ec64fea3140ba9e1	patches/widget/uikit/moz.build.patch	Patches/widget/uikit/moz.build.patch	fc6bd8f0174780afeaf16b8d17d18fb7cf63d4c7766dd3fc87e15d6864e0ec4b
ef14c2997ae7dfdb44155240ec64fea3140ba9e1	patches/widget/uikit/nsAppShell.mm.patch	Patches/widget/uikit/nsAppShell.mm.patch	4ef2b92b58ba1c5fa38887bc63667103082a0f124da3f9f72bd4d4de6c6200c0
ef14c2997ae7dfdb44155240ec64fea3140ba9e1	patches/widget/uikit/nsClipboard.h.patch	Patches/widget/uikit/nsClipboard.h.patch	63ccb2dbd56ccb10f7615e161da5e0ddbc82556a7d3d407b098422219c0bec59
ef14c2997ae7dfdb44155240ec64fea3140ba9e1	patches/widget/uikit/nsClipboard.mm.patch	Patches/widget/uikit/nsClipboard.mm.patch	02c377d15a03dd71015a6e3916cb2f7cb5d9c2bd4e834b8d402f649ca0f6b6d0
ef14c2997ae7dfdb44155240ec64fea3140ba9e1	patches/widget/uikit/nsLookAndFeel.h.patch	Patches/widget/uikit/nsLookAndFeel.h.patch	992313b563bae3bf34430cf6cb5861546845a6bc8c5f12a7bdc187b066b25d45
ef14c2997ae7dfdb44155240ec64fea3140ba9e1	patches/widget/uikit/nsLookAndFeel.mm.patch	Patches/widget/uikit/nsLookAndFeel.mm.patch	93c0528e73b4053e6cea0fc460aa4bc62ac75ba54e4d11d1db4d33abeb3c6193
ef14c2997ae7dfdb44155240ec64fea3140ba9e1	patches/widget/uikit/nsWidgetFactory.mm.patch	Patches/widget/uikit/nsWidgetFactory.mm.patch	1eec28b81cb6c2b278e8b98537d99d8e02a983f47e32bdf850e7bd10f3f3d24a
ef14c2997ae7dfdb44155240ec64fea3140ba9e1	patches/widget/uikit/nsWindow.h.patch	Patches/widget/uikit/nsWindow.h.patch	37195167b1079d8f640ce2dabe702c271e8897f965bf95a9bafc91c8e3e73e99
ef14c2997ae7dfdb44155240ec64fea3140ba9e1	patches/widget/uikit/nsWindow.mm.patch	Patches/widget/uikit/nsWindow.mm.patch	2773319062445b264e9b4a6dc0616360cf87c679d197b23aa9f8220e16944c59
ef14c2997ae7dfdb44155240ec64fea3140ba9e1	patches/xpcom/base/AvailableMemoryWatcherIOS.cpp.patch	Patches/xpcom/base/AvailableMemoryWatcherIOS.cpp.patch	5b7dbf811fc6da16aaadb2680796b670e85dccbbea1b1ec405fb43d998888097
ef14c2997ae7dfdb44155240ec64fea3140ba9e1	patches/xpcom/base/MemoryPressureLevelIOS.h.patch	Patches/xpcom/base/MemoryPressureLevelIOS.h.patch	493daaedabad32d05120ca780933dfd41d46d11a717abb67ee93629d4572bf6a
ef14c2997ae7dfdb44155240ec64fea3140ba9e1	patches/xpcom/base/moz.build.patch	Patches/xpcom/base/moz.build.patch	126c0be16c888ad145407676db9b7337db35bb08b186767538fc150a0655789a
ef14c2997ae7dfdb44155240ec64fea3140ba9e1	patches/xpcom/threads/TaskController.cpp.patch	Patches/xpcom/threads/TaskController.cpp.patch	124701782d3425441d583723b059e5a5472194932ea9e5443dda9c3445083ea9
ef14c2997ae7dfdb44155240ec64fea3140ba9e1	patches/xpcom/threads/nsIThread.idl.patch	Patches/xpcom/threads/nsIThread.idl.patch	dd786c08cfc2e1cef0adb396d8838fadba05cf890c0535e7bf2ec17cdb29cdd1
ef14c2997ae7dfdb44155240ec64fea3140ba9e1	patches/xpcom/threads/nsMemoryPressure.cpp.patch	Patches/xpcom/threads/nsMemoryPressure.cpp.patch	7c1d6fc13b15f0f3002c6c8446ec9a4f0a3fa638054d1f22b790a50b911f1f70
ef14c2997ae7dfdb44155240ec64fea3140ba9e1	patches/xpcom/threads/nsMemoryPressure.h.patch	Patches/xpcom/threads/nsMemoryPressure.h.patch	d0c8456b98b3e41b8bc56d625b324c946be2e4f04f54e0b10233c7c5c1226182
ef14c2997ae7dfdb44155240ec64fea3140ba9e1	patches/xpcom/threads/nsThread.cpp.patch	Patches/xpcom/threads/nsThread.cpp.patch	3460232e7dd4c447f967bf6e67fbe7155612215e6e35bf70ec49364ae5d455fb
ef14c2997ae7dfdb44155240ec64fea3140ba9e1	patches/xpcom/threads/nsThreadPool.cpp.patch	Patches/xpcom/threads/nsThreadPool.cpp.patch	21ef852b5b1df06175b41fe8ca0e11ae745e1bde2b4dd1d52949922d3e6dd7f4
ef14c2997ae7dfdb44155240ec64fea3140ba9e1	patches/xpfe/appshell/AppWindow.cpp.patch	Patches/xpfe/appshell/AppWindow.cpp.patch	871755cae6c7f56f2b73873453aea54c35ebaa2493f2718a44f0c3a600430fbf
ef14c2997ae7dfdb44155240ec64fea3140ba9e1	browser/Scripts/AddGecko.sh	Tools/Build/AddGecko.sh	b9bbd375e63151ad79a565997078ee8ae65312ea50a6318cfb3fd607a8e19a7f
ef14c2997ae7dfdb44155240ec64fea3140ba9e1	tools/development/apply-patches.sh	Tools/Gecko/apply-patches.sh	214c3065056224e38e9b85dcaa6060f4270699ded628dcde7ccfc87ece8a7a67
ef14c2997ae7dfdb44155240ec64fea3140ba9e1	tools/development/build-gecko.sh	Tools/Gecko/build-gecko.sh	059774e10b58a39ba4ca2fa1124f517c14fb3aa452d573a5906c4f836e0bfb69
ef14c2997ae7dfdb44155240ec64fea3140ba9e1	tools/development/build-idevice.sh	Tools/Gecko/build-idevice.sh	7aaad15d4ba7cc6eca6b4bd32902104e069a49b5d01a2057a3d167353c9a81b9
ef14c2997ae7dfdb44155240ec64fea3140ba9e1	tools/development/create-patches.sh	Tools/Gecko/create-patches.sh	486feff2c0d0781d93247a7cffac48ecabc38dd56444e33127c4e363c6cbf57a
ef14c2997ae7dfdb44155240ec64fea3140ba9e1	tools/development/gecko-artifact.sh	Tools/Gecko/gecko-artifact.sh	795400fe11befb52c34bf6fd38889abd5890decf8ad0780f1238464169378894
ef14c2997ae7dfdb44155240ec64fea3140ba9e1	tools/development/test-gecko-artifact.sh	Tools/Gecko/test-gecko-artifact.sh	9350f5413d5c91d2e53d10c2ad37d58b2dc870f01046dcffc905d2f01377bfa3
ef14c2997ae7dfdb44155240ec64fea3140ba9e1	tools/development/update-gecko.sh	Tools/Gecko/update-gecko.sh	c1eadcc1dca6ab4018d04a9887249bad5495857361707ae4e3cd5d399e0630b0
ef14c2997ae7dfdb44155240ec64fea3140ba9e1	engine/release.txt	Vendor/firefox-release.txt	8c69b5838a1c60c95e2088b0219629fba890b4773ab94a05a9ecca0f08e69a5e
